Chr	Start	End	Ref	Alt	Func.refGene	Gene.refGene	GeneDetail.refGene	ExonicFunc.refGene	AAChange.refGene	cytoBand	genomicSuperDups	esp6500siv2_all	1000g2015aug_all	1000g2015aug_eur	ExAC_ALL	ExAC_AFR	ExAC_AMR	ExAC_EAS	ExAC_FIN	ExAC_NFE	ExAC_OTH	ExAC_SAS	avsnp150	SIFT_score	SIFT_pred	Polyphen2_HDIV_score	Polyphen2_HDIV_pred	Polyphen2_HVAR_score	Polyphen2_HVAR_pred	LRT_score	LRT_pred	MutationTaster_score	MutationTaster_pred	MutationAssessor_score	MutationAssessor_pred	FATHMM_score	FATHMM_pred	PROVEAN_score	PROVEAN_pred	VEST3_score	CADD_raw	CADD_phred	DANN_score	fathmm-MKL_coding_score	fathmm-MKL_coding_pred	MetaSVM_score	MetaSVM_pred	MetaLR_score	MetaLR_pred	integrated_fitCons_score	integrated_confidence_value	GERP++_RS	phyloP7way_vertebrate	phyloP20way_mammalian	phastCons7way_vertebrate	phastCons20way_mammalian	SiPhy_29way_logOdds	cosmic70	CLNALLELEID	CLNDN	CLNDISDB	CLNREVSTAT	CLNSIG	Otherinfo
1	37481811	37481811	T	G	exonic	ZC3H12A	.	nonsynonymous SNV	ZC3H12A:NM_001323550:exon4:c.T794G:p.L265R,ZC3H12A:NM_025079:exon4:c.T794G:p.L265R	1p34.3	.	.	.	.	.	.	.	.	.	.	.	.	.	0.0	D	1.0	D	1.0	D	0.000	D	1	D	3.245	M	0.52	T	-5.95	D	0.977	6.220	28.8	0.998	0.977	D	0.033	D	0.434	T	0.628	0	5.8	0.991	1.061	1.000	1.000	16.155	.	.	.	.	.	.	.	1.0	4	1	37481811	.	T	G	1.0	.	SRR12424243.DP4=3,1,0,0;SRR12424244.DP4=2,1,0,0;SRR12424245.DP4=3,0,0,0;SRR12424255.DP4=13,17,32,0;SRR12424256.DP4=56,34,0,0;SRR1242425.DP4=40,27,0,0;
1	120489048	120489048	G	T	ncRNA_intronic	PDE4DIPP2	.	.	.	1p11.2	Score=0.98869;Name=chr1:148990186	.	.	.	.	.	.	.	.	.	.	.	.	.	.	.	.	.	.	.	.	.	.	.	.	.	.	.	.	.	.	.	.	.	.	.	.	.	.	.	.	.	.	.	.	.	.	.	.	.	.	.	.	.	1.0	2	1	120489048	.	G	T	1.0	.	SRR12424243.DP4=2,0,0,0;SRR12424244.DP4=1,0,0,0;SRR12424245.DP4=2,0,0,0;SRR12424255.DP4=5,2,3,6;SRR12424256.DP4=5,3,2,4;SRR1242425.DP4=3,3,8,3;
1	161526031	161526031	T	C	exonic	HSPA6	.	nonsynonymous SNV	HSPA6:NM_002155:exon1:c.T1373C:p.L458P	1q23.3	Score=0.982978;Name=chr1:161600000	.	.	.	.	.	.	.	.	.	.	.	.	0.0	D	0.506	P	0.439	B	0.009	U	1	D	5.42	H	2.66	T	-5.58	D	0.821	5.202	25.5	0.998	0.950	D	-0.788	T	0.109	T	0.660	0	3.5	0.846	0.613	0.990	0.994	10.001	.	.	.	.	.	.	.	1.0	5	1	161526031	.	T	C	1.0	.	SRR12424243.DP4=1,4,0,0;SRR12424244.DP4=2,2,0,0;SRR12424245.DP4=0,1,0,0;SRR12424255.DP4=1576,922,1,12;SRR12424256.DP4=1621,1024,0,20;SRR1242425.DP4=1604,868,0,18;
1	179101511	179101511	T	C	UTR3	ABL2	NM_001136000:c.*6207A>G;NM_005158:c.*6207A>G;NM_001168239:c.*6207A>G;NM_001168238:c.*6207A>G;NM_001168237:c.*6207A>G;NM_001168236:c.*6207A>G;NM_007314:c.*6207A>G	.	.	1q25.2	.	.	.	.	.	.	.	.	.	.	.	.	.	.	.	.	.	.	.	.	.	.	.	.	.	.	.	.	.	.	.	.	.	.	.	.	.	.	.	.	.	.	.	.	.	.	.	.	.	.	.	.	.	.	1.0	4	1	179101511	.	T	C	1.0	.	SRR12424243.DP4=4,0,0,0;SRR12424244.DP4=0,2,0,0;SRR12424245.DP4=4,1,0,0;SRR12424255.DP4=72,58,4,2;SRR12424256.DP4=88,67,8,4;SRR1242425.DP4=99,47,3,3;
1	230280008	230280008	T	G	UTR3	GALNT2	NM_001291866:c.*550T>G;NM_004481:c.*550T>G	.	.	1q42.13	.	.	.	.	.	.	.	.	.	.	.	.	.	.	.	.	.	.	.	.	.	.	.	.	.	.	.	.	.	.	.	.	.	.	.	.	.	.	.	.	.	.	.	.	.	.	.	.	.	.	.	.	.	.	1.0	75	1	230280008	.	T	G	1.0	.	SRR12424243.DP4=34,41,0,0;SRR12424244.DP4=36,49,0,0;SRR12424245.DP4=50,48,0,0;SRR12424255.DP4=35,22,1,0;SRR12424256.DP4=9,23,14,0;SRR1242425.DP4=22,26,0,0;
13	31154721	31154721	A	G	exonic	HSPH1	.	nonsynonymous SNV	HSPH1:NM_001286503:exon4:c.T341C:p.V114A,HSPH1:NM_001286504:exon4:c.T347C:p.V116A,HSPH1:NM_001286505:exon4:c.T347C:p.V116A,HSPH1:NM_001349704:exon4:c.T341C:p.V114A,HSPH1:NM_006644:exon4:c.T341C:p.V114A	13q12.3	.	.	.	.	.	.	.	.	.	.	.	.	.	0.432	T	0.64	P	0.403	B	0.007	N	1	D	-0.73	N	5.7	T	-1.1	N	0.646	2.080	16.73	0.697	0.992	D	-0.902	T	0.008	T	0.707	0	4.91	1.062	1.199	0.999	0.999	12.192	.	.	.	.	.	.	.	1.0	21	13	31154721	.	A	G	1.0	.	SRR12424243.DP4=10,11,0,0;SRR12424244.DP4=6,10,0,0;SRR12424245.DP4=11,11,0,0;SRR12424255.DP4=73,140,7,0;SRR12424256.DP4=105,157,6,0;SRR1242425.DP4=106,160,12,0;
2	10445034	10445034	A	C	UTR5	ODC1	NM_001287188:c.-878T>G;NM_001287189:c.-2T>G;NM_002539:c.-2T>G;NM_001287190:c.-2T>G	.	.	2p25.1	.	.	.	.	.	.	.	.	.	.	.	.	.	.	.	.	.	.	.	.	.	.	.	.	.	.	.	.	.	.	.	.	.	.	.	.	.	.	.	.	.	.	.	.	.	.	.	.	.	.	.	.	.	.	1.0	39	2	10445034	.	A	C	1.0	.	SRR12424243.DP4=12,27,0,0;SRR12424244.DP4=8,17,0,0;SRR12424245.DP4=9,32,0,0;SRR12424255.DP4=34,36,0,13;SRR12424256.DP4=45,75,0,0;SRR1242425.DP4=39,63,0,0;
2	150469716	150469716	C	T	UTR3	RND3	NM_001254738:c.*271G>A;NM_005168:c.*271G>A	.	.	2q23.3	.	.	.	.	.	.	.	.	.	.	.	.	.	.	.	.	.	.	.	.	.	.	.	.	.	.	.	.	.	.	.	.	.	.	.	.	.	.	.	.	.	.	.	.	.	.	.	.	.	.	.	.	.	.	1.0	118	2	150469716	.	C	T	1.0	.	SRR12424243.DP4=55,63,0,0;SRR12424244.DP4=76,75,0,0;SRR12424245.DP4=106,74,0,0;SRR12424255.DP4=801,617,4,0;SRR12424256.DP4=800,658,6,1;SRR1242425.DP4=937,611,10,0;
2	150469825	150469825	A	G	UTR3	RND3	NM_001254738:c.*162T>C;NM_005168:c.*162T>C	.	.	2q23.3	.	.	.	.	.	.	.	.	.	.	.	.	.	.	.	.	.	.	.	.	.	.	.	.	.	.	.	.	.	.	.	.	.	.	.	.	.	.	.	.	.	.	.	.	.	.	.	.	.	.	.	.	.	.	1.0	191	2	150469825	.	A	G	1.0	.	SRR12424243.DP4=107,84,0,0;SRR12424244.DP4=111,75,0,0;SRR12424245.DP4=137,72,0,0;SRR12424255.DP4=1219,830,5,0;SRR12424256.DP4=1345,964,10,0;SRR1242425.DP4=1311,985,8,0;
2	150469872	150469872	C	T	UTR3	RND3	NM_001254738:c.*115G>A;NM_005168:c.*115G>A	.	.	2q23.3	.	.	.	.	.	.	.	.	.	.	.	.	.	.	.	.	.	.	.	.	.	.	.	.	.	.	.	.	.	.	.	.	.	.	.	.	.	.	.	.	.	.	.	.	.	.	.	.	.	.	.	.	.	.	1.0	201	2	150469872	.	C	T	1.0	.	SRR12424243.DP4=90,111,0,0;SRR12424244.DP4=89,102,0,0;SRR12424245.DP4=94,116,0,0;SRR12424255.DP4=721,1339,6,0;SRR12424256.DP4=882,1467,11,0;SRR1242425.DP4=943,1561,7,0;
4	73741648	73741648	T	C	exonic	CXCL8	.	synonymous SNV	CXCL8:NM_000584:exon2:c.T171C:p.S57S,CXCL8:NM_001354840:exon2:c.T171C:p.S57S	4q13.3	.	.	.	.	.	.	.	.	.	.	.	.	.	.	.	.	.	.	.	.	.	.	.	.	.	.	.	.	.	.	.	.	.	.	.	.	.	.	.	.	.	.	.	.	.	.	.	.	.	.	.	.	.	.	1.0	2	4	73741648	.	T	C	1.0	.	SRR12424243.DP4=1,1,0,0;SRR12424244.DP4=0,1,0,0;SRR12424245.DP4=1,0,0,0;SRR12424255.DP4=1119,1008,0,8;SRR12424256.DP4=1254,1073,0,20;SRR1242425.DP4=1193,1028,0,11;
4	73741981	73741981	T	C	exonic	CXCL8	.	nonsynonymous SNV	CXCL8:NM_000584:exon3:c.T233C:p.L78P,CXCL8:NM_001354840:exon3:c.T233C:p.L78P	4q13.3	.	.	.	.	.	.	.	.	.	.	.	.	.	0.001	D	1.0	D	1.0	D	0.000	D	1	D	.	.	3.28	T	-6.49	D	0.954	6.115	28.3	0.999	0.801	D	-1.166	T	0.060	T	0.507	0	5.27	0.755	0.891	0.449	0.895	13.440	.	.	.	.	.	.	.	1.0	2	4	73741981	.	T	C	1.0	.	SRR12424243.DP4=0,2,0,0;SRR12424244.DP4=2,1,0,0;SRR12424245.DP4=2,0,0,0;SRR12424255.DP4=841,1189,0,9;SRR12424256.DP4=925,1304,0,12;SRR1242425.DP4=851,1289,0,11;
4	73742014	73742014	T	C	exonic	CXCL8	.	nonsynonymous SNV	CXCL8:NM_000584:exon3:c.T266C:p.V89A,CXCL8:NM_001354840:exon3:c.T266C:p.V89A	4q13.3	.	.	.	.	.	.	.	.	.	.	.	.	.	0.002	D	0.939	P	0.67	P	0.000	N	1.000	N	.	.	3.42	T	-3.53	D	0.501	2.990	22.2	0.997	0.429	N	-1.092	T	0.029	T	0.507	0	4.1	0.755	0.891	0.136	0.460	9.107	.	.	.	.	.	.	.	1.0	7	4	73742014	.	T	C	1.0	.	SRR12424243.DP4=2,5,0,0;SRR12424244.DP4=0,0,0,0;SRR12424245.DP4=3,1,0,0;SRR12424255.DP4=1098,1349,0,13;SRR12424256.DP4=1166,1584,0,11;SRR1242425.DP4=1192,1670,0,13;
4	73742859	73742859	T	C	UTR3	CXCL8	NM_000584:c.*395T>C;NM_001354840:c.*823T>C	.	.	4q13.3	.	.	.	.	.	.	.	.	.	.	.	.	.	.	.	.	.	.	.	.	.	.	.	.	.	.	.	.	.	.	.	.	.	.	.	.	.	.	.	.	.	.	.	.	.	.	.	.	.	.	.	.	.	.	1.0	1	4	73742859	.	T	C	1.0	.	SRR12424243.DP4=1,0,0,0;SRR12424244.DP4=2,1,0,0;SRR12424245.DP4=2,1,0,0;SRR12424255.DP4=697,836,0,18;SRR12424256.DP4=810,940,0,10;SRR1242425.DP4=718,925,0,14;
5	172768554	172768554	A	G	UTR3	DUSP1	NM_004417:c.*208T>C	.	.	5q35.1	.	.	.	.	.	.	.	.	.	.	.	.	.	.	.	.	.	.	.	.	.	.	.	.	.	.	.	.	.	.	.	.	.	.	.	.	.	.	.	.	.	.	.	.	.	.	.	.	.	.	.	.	.	.	1.0	47	5	172768554	.	A	G	1.0	.	SRR12424243.DP4=30,17,0,0;SRR12424244.DP4=26,19,0,0;SRR12424245.DP4=28,14,0,0;SRR12424255.DP4=1422,1068,8,0;SRR12424256.DP4=1589,1058,7,0;SRR1242425.DP4=1784,1052,10,0;
5	172768721	172768721	A	G	UTR3	DUSP1	NM_004417:c.*41T>C	.	.	5q35.1	.	.	.	.	.	.	.	.	.	.	.	.	.	.	.	.	.	.	.	.	.	.	.	.	.	.	.	.	.	.	.	.	.	.	.	.	.	.	.	.	.	.	.	.	.	.	.	.	.	.	.	.	.	.	1.0	36	5	172768721	.	A	G	1.0	.	SRR12424243.DP4=14,22,0,0;SRR12424244.DP4=11,19,0,0;SRR12424245.DP4=19,17,0,0;SRR12424255.DP4=728,739,12,0;SRR12424256.DP4=807,831,8,0;SRR1242425.DP4=878,881,15,0;
5	172768961	172768961	A	G	exonic	DUSP1	.	nonsynonymous SNV	DUSP1:NM_004417:exon4:c.T905C:p.M302T	5q35.1	.	.	.	.	.	.	.	.	.	.	.	.	.	0.0	D	1.0	D	0.997	D	0.000	D	1	D	2.45	M	0.18	T	-5.65	D	0.817	4.989	25.1	0.993	0.979	D	-0.157	T	0.393	T	0.731	0	4.91	1.062	1.088	1.000	1.000	14.551	.	.	.	.	.	.	.	1.0	37	5	172768961	.	A	G	1.0	.	SRR12424243.DP4=15,22,0,0;SRR12424244.DP4=11,20,0,0;SRR12424245.DP4=14,14,0,0;SRR12424255.DP4=665,1202,10,0;SRR12424256.DP4=820,1269,4,0;SRR1242425.DP4=748,1118,4,0;
5	172770923	172770923	A	G	exonic	DUSP1	.	synonymous SNV	DUSP1:NM_004417:exon1:c.T30C:p.A10A	5q35.1	.	.	.	.	.	.	.	.	.	.	.	.	.	.	.	.	.	.	.	.	.	.	.	.	.	.	.	.	.	.	.	.	.	.	.	.	.	.	.	.	.	.	.	.	.	.	.	.	.	.	.	.	.	.	1.0	30	5	172770923	.	A	G	1.0	.	SRR12424243.DP4=14,16,0,0;SRR12424244.DP4=14,8,0,0;SRR12424245.DP4=20,10,0,0;SRR12424255.DP4=657,393,11,0;SRR12424256.DP4=651,375,4,1;SRR1242425.DP4=653,374,3,0;
5	179837040	179837040	T	C	UTR3	SQSTM1	NM_001142298:c.*447T>C;NM_001142299:c.*447T>C;NM_003900:c.*447T>C	.	.	5q35.3	.	.	.	.	.	.	.	.	.	.	.	.	.	.	.	.	.	.	.	.	.	.	.	.	.	.	.	.	.	.	.	.	.	.	.	.	.	.	.	.	.	.	.	.	.	.	.	.	.	.	.	.	.	.	1.0	295	5	179837040	.	T	C	1.0	.	SRR12424243.DP4=121,174,0,0;SRR12424244.DP4=107,134,0,0;SRR12424245.DP4=129,164,0,0;SRR12424255.DP4=997,763,0,7;SRR12424256.DP4=1081,829,0,3;SRR1242425.DP4=943,974,0,13;
6	31816160	31816160	T	C	exonic	HSPA1A	.	nonsynonymous SNV	HSPA1A:NM_005345:exon1:c.T404C:p.L135P	6p21.33	Score=0.980114;Name=chr6:31827421	.	.	.	.	.	.	.	.	.	.	.	.	0.0	D	1.0	D	0.995	D	0.017	U	1	D	5.365	H	4.84	T	-5.77	D	0.868	4.778	24.7	0.998	0.975	D	-0.889	T	0.045	T	0.706	0	3.74	0.991	1.038	0.981	1.000	10.806	.	.	.	.	.	.	.	1.0	25	6	31816160	.	T	C	1.0	.	SRR12424243.DP4=15,10,0,0;SRR12424244.DP4=14,15,0,0;SRR12424245.DP4=19,12,0,0;SRR12424255.DP4=1439,1308,0,10;SRR12424256.DP4=1307,1349,0,8;SRR1242425.DP4=1249,1111,0,2;
6	31816249	31816249	G	A	exonic	HSPA1A	.	nonsynonymous SNV	HSPA1A:NM_005345:exon1:c.G493A:p.A165T	6p21.33	Score=0.980114;Name=chr6:31827421	.	.	.	.	.	.	.	.	.	.	.	.	0.083	T	0.997	D	0.909	D	0.007	U	1	D	4.78	H	4.51	T	-2.72	D	0.865	5.866	27.3	0.997	0.877	D	-0.942	T	0.041	T	0.706	0	3.68	0.917	1.025	0.498	0.995	13.370	.	.	.	.	.	.	.	1.0	30	6	31816249	.	G	A	1.0	.	SRR12424243.DP4=16,14,0,0;SRR12424244.DP4=10,22,0,0;SRR12424245.DP4=14,13,0,0;SRR12424255.DP4=1015,1993,0,2;SRR12424256.DP4=1107,1965,0,11;SRR1242425.DP4=1078,1723,2,12;
6	31816360	31816360	G	A	exonic	HSPA1A	.	nonsynonymous SNV	HSPA1A:NM_005345:exon1:c.G604A:p.G202R	6p21.33	Score=0.980114;Name=chr6:31827421	.	.	.	.	.	.	.	.	.	.	.	.	0.0	D	1.0	D	1.0	D	0.006	U	1	D	4.915	H	2.25	T	-6.82	D	0.907	6.046	28.0	0.998	0.989	D	-0.232	T	0.208	T	0.706	0	3.68	0.917	1.025	0.997	1.000	13.370	.	.	.	.	.	.	.	1.0	23	6	31816360	.	G	A	1.0	.	SRR12424243.DP4=9,14,0,0;SRR12424244.DP4=14,16,0,0;SRR12424245.DP4=5,7,0,0;SRR12424255.DP4=1147,1316,0,12;SRR12424256.DP4=1094,1370,1,8;SRR1242425.DP4=949,1162,0,10;
6	31816396	31816396	G	A	exonic	HSPA1A	.	nonsynonymous SNV	HSPA1A:NM_005345:exon1:c.G640A:p.D214N	6p21.33	Score=0.980114;Name=chr6:31827421	.	.	.	.	.	.	.	.	.	.	.	.	0.009	D	0.932	P	0.498	P	0.005	U	1	D	1.4	L	2.94	T	-2.77	D	0.124	5.697	26.8	0.997	0.983	D	-1.075	T	0.019	T	0.706	0	3.81	0.917	1.025	0.999	1.000	13.655	.	.	.	.	.	.	.	1.0	28	6	31816396	.	G	A	1.0	.	SRR12424243.DP4=16,12,0,0;SRR12424244.DP4=20,12,0,0;SRR12424245.DP4=18,6,0,0;SRR12424255.DP4=1506,1079,2,12;SRR12424256.DP4=1659,1199,0,9;SRR1242425.DP4=1478,997,2,9;
6	31816531	31816531	G	A	exonic	HSPA1A	.	nonsynonymous SNV	HSPA1A:NM_005345:exon1:c.G775A:p.A259T	6p21.33	Score=0.980114;Name=chr6:31827421	.	.	.	.	.	.	.	.	.	.	.	.	0.0	D	0.988	D	0.854	P	0.112	U	1	D	3.905	H	5.07	T	-3.1	D	0.698	5.293	25.7	0.999	0.981	D	-1.143	T	0.019	T	0.706	0	3.81	0.917	1.025	0.990	0.986	13.655	.	.	.	.	.	.	.	1.0	19	6	31816531	.	G	A	1.0	.	SRR12424243.DP4=7,12,0,0;SRR12424244.DP4=6,10,0,0;SRR12424245.DP4=6,14,0,0;SRR12424255.DP4=728,969,0,2;SRR12424256.DP4=773,937,2,8;SRR1242425.DP4=758,1004,0,2;
6	31816898	31816898	T	C	exonic	HSPA1A	.	nonsynonymous SNV	HSPA1A:NM_005345:exon1:c.T1142C:p.M381T	6p21.33	Score=0.980114;Name=chr6:31827421	.	.	.	.	.	.	.	.	.	.	.	.	1.0	T	0.049	B	0.045	B	0.000	D	0.998	D	-2.02	N	5.57	T	1.62	N	0.194	0.604	8.186	0.882	0.340	N	-0.997	T	0.000	T	0.706	0	3.95	0.079	1.038	0.931	1.000	11.181	.	.	.	.	.	.	.	1.0	27	6	31816898	.	T	C	1.0	.	SRR12424243.DP4=9,18,0,0;SRR12424244.DP4=23,8,0,0;SRR12424245.DP4=10,19,0,0;SRR12424255.DP4=1842,1055,1,9;SRR12424256.DP4=1780,1192,1,10;SRR1242425.DP4=1569,1178,2,13;
6	31817050	31817050	T	C	exonic	HSPA1A	.	nonsynonymous SNV	HSPA1A:NM_005345:exon1:c.T1294C:p.S432P	6p21.33	Score=0.980114;Name=chr6:31827421	.	.	.	.	.	.	.	.	.	.	.	.	0.001	D	0.999	D	0.993	D	0.003	N	1.000	D	3.56	H	5.36	T	-3.22	D	0.651	4.462	24.2	0.997	0.929	D	-1.159	T	0.015	T	0.706	0	3.69	0.991	0.988	1.000	0.997	10.698	.	.	.	.	.	.	.	1.0	58	6	31817050	.	T	C	1.0	.	SRR12424243.DP4=26,32,0,0;SRR12424244.DP4=14,27,0,0;SRR12424245.DP4=13,32,0,0;SRR12424255.DP4=1817,2786,1,8;SRR12424256.DP4=1881,3130,0,13;SRR1242425.DP4=1784,2346,0,9;
6	31817086	31817086	G	A	exonic	HSPA1A	.	nonsynonymous SNV	HSPA1A:NM_005345:exon1:c.G1330A:p.E444K	6p21.33	Score=0.980114;Name=chr6:31827421	.	.	.	.	.	.	.	.	.	.	.	.	0.0	D	1.0	D	1.0	D	0.001	N	1	D	4.09	H	3.32	T	-3.3	D	0.755	6.384	29.5	0.999	0.996	D	-0.832	T	0.078	T	0.706	0	3.69	0.917	0.974	1.000	0.994	13.389	.	.	.	.	.	.	.	1.0	37	6	31817086	.	G	A	1.0	.	SRR12424243.DP4=13,24,0,0;SRR12424244.DP4=23,30,0,0;SRR12424245.DP4=10,25,0,0;SRR12424255.DP4=1169,2554,0,15;SRR12424256.DP4=1469,2885,0,13;SRR1242425.DP4=1144,2333,0,8;
6	31817096	31817096	G	A	exonic	HSPA1A	.	nonsynonymous SNV	HSPA1A:NM_005345:exon1:c.G1340A:p.R447K	6p21.33	Score=0.980114;Name=chr6:31827421	.	.	.	.	.	.	.	.	.	.	.	.	0.001	D	0.998	D	0.997	D	0.001	D	1.000	D	4.59	H	3.49	T	-2.45	N	0.578	5.031	25.2	0.995	0.996	D	-0.687	T	0.093	T	0.706	0	3.69	0.917	0.974	1.000	0.997	13.389	.	.	.	.	.	.	.	1.0	36	6	31817096	.	G	A	1.0	.	SRR12424243.DP4=15,21,0,0;SRR12424244.DP4=29,24,0,0;SRR12424245.DP4=11,21,0,0;SRR12424255.DP4=1347,2291,0,5;SRR12424256.DP4=1766,2458,1,11;SRR1242425.DP4=1216,2037,1,2;
6	31817189	31817189	T	C	exonic	HSPA1A	.	nonsynonymous SNV	HSPA1A:NM_005345:exon1:c.T1433C:p.F478S	6p21.33	Score=0.980114;Name=chr6:31827421	.	.	.	.	.	.	.	.	.	.	.	.	0.0	D	1.0	D	1.0	D	0.001	N	1	D	4.735	H	5.01	T	-6.34	D	0.903	5.249	25.6	0.997	0.986	D	-1.085	T	0.028	T	0.706	0	3.36	0.991	0.889	1.000	0.998	10.104	.	.	.	.	.	.	.	1.0	37	6	31817189	.	T	C	1.0	.	SRR12424243.DP4=27,10,0,0;SRR12424244.DP4=17,11,0,0;SRR12424245.DP4=20,6,0,0;SRR12424255.DP4=2585,1171,0,3;SRR12424256.DP4=2503,1166,0,10;SRR1242425.DP4=2377,1078,1,3;
6	31817315	31817315	A	G	exonic	HSPA1A	.	nonsynonymous SNV	HSPA1A:NM_005345:exon1:c.A1559G:p.Q520R	6p21.33	Score=0.980114;Name=chr6:31827421	.	.	.	.	.	.	.	.	.	.	.	.	0.061	T	0.047	B	0.005	B	0.003	N	1.000	D	0.49	N	5.49	T	-0.93	N	0.343	0.967	10.47	0.949	0.921	D	-0.806	T	0.001	T	0.706	0	2.16	1.062	1.115	1.000	1.000	7.256	.	.	.	.	.	.	.	1.0	48	6	31817315	.	A	G	1.0	.	SRR12424243.DP4=28,20,0,0;SRR12424244.DP4=15,28,0,0;SRR12424245.DP4=23,26,0,0;SRR12424255.DP4=2083,3161,0,5;SRR12424256.DP4=2083,3342,0,4;SRR1242425.DP4=1916,3163,0,11;
6	31817320	31817320	G	A	exonic	HSPA1A	.	nonsynonymous SNV	HSPA1A:NM_005345:exon1:c.G1564A:p.A522T	6p21.33	Score=0.980114;Name=chr6:31827421	.	.	.	.	.	.	.	.	.	.	.	.	0.0	D	1.0	D	0.998	D	0.002	N	1	D	5.015	H	3.48	T	-3.0	D	0.516	5.480	26.2	0.999	0.986	D	-0.573	T	0.107	T	0.706	0	3.37	0.917	0.976	0.999	0.995	12.707	.	.	.	.	.	.	.	1.0	45	6	31817320	.	G	A	1.0	.	SRR12424243.DP4=27,18,0,0;SRR12424244.DP4=15,26,0,0;SRR12424245.DP4=25,21,0,0;SRR12424255.DP4=2108,2860,0,3;SRR12424256.DP4=2069,3055,0,11;SRR1242425.DP4=1847,2861,2,5;
6	31817348	31817348	T	C	exonic	HSPA1A	.	nonsynonymous SNV	HSPA1A:NM_005345:exon1:c.T1592C:p.V531A	6p21.33	Score=0.980114;Name=chr6:31827421	.	.	.	.	.	.	.	.	.	.	.	.	0.901	T	0.001	B	0.005	B	0.610	N	0.999	N	-1.59	N	5.61	T	1.14	N	0.107	-0.299	0.666	0.781	0.048	N	-1.055	T	0.000	T	0.706	0	1.03	-0.424	0.989	0.911	1.000	4.887	.	.	.	.	.	.	.	1.0	29	6	31817348	.	T	C	1.0	.	SRR12424243.DP4=20,9,0,0;SRR12424244.DP4=24,17,0,0;SRR12424245.DP4=32,11,0,0;SRR12424255.DP4=2783,1666,2,15;SRR12424256.DP4=2966,1835,2,4;SRR1242425.DP4=2414,1645,1,9;
6	31817353	31817353	C	T	exonic	HSPA1A	.	nonsynonymous SNV	HSPA1A:NM_005345:exon1:c.C1597T:p.R533C	6p21.33	Score=0.980114;Name=chr6:31827421	.	.	.	.	.	.	.	.	.	.	.	.	0.0	D	1.0	D	0.945	D	0.009	N	1	D	4.68	H	5.29	T	-4.68	D	0.601	6.205	28.7	0.998	0.182	N	-1.129	T	0.018	T	0.706	0	1.32	-0.040	0.873	0.896	1.000	8.482	.	.	.	.	.	.	.	1.0	25	6	31817353	.	C	T	1.0	.	SRR12424243.DP4=16,9,0,0;SRR12424244.DP4=22,15,0,0;SRR12424245.DP4=35,9,0,0;SRR12424255.DP4=2772,1503,3,5;SRR12424256.DP4=2876,1609,0,2;SRR1242425.DP4=2350,1489,0,10;
6	31817354	31817354	G	A	exonic	HSPA1A	.	nonsynonymous SNV	HSPA1A:NM_005345:exon1:c.G1598A:p.R533H	6p21.33	Score=0.980114;Name=chr6:31827421	.	.	.	.	.	.	.	.	.	.	.	.	0.0	D	0.999	D	0.84	P	0.009	N	1	D	4.68	H	5.32	T	-3.02	D	0.45	6.174	28.6	0.999	0.944	D	-1.087	T	0.020	T	0.706	0	3.37	0.917	0.976	0.889	1.000	12.707	.	.	.	.	.	.	.	1.0	24	6	31817354	.	G	A	1.0	.	SRR12424243.DP4=16,8,0,0;SRR12424244.DP4=22,15,0,0;SRR12424245.DP4=35,9,0,0;SRR12424255.DP4=2753,1436,0,5;SRR12424256.DP4=2906,1537,1,12;SRR1242425.DP4=2334,1442,3,5;
6	31817421	31817421	T	C	exonic	HSPA1A	.	synonymous SNV	HSPA1A:NM_005345:exon1:c.T1665C:p.D555D	6p21.33	Score=0.980114;Name=chr6:31827421	.	.	.	.	.	.	.	.	.	.	.	.	.	.	.	.	.	.	.	.	.	.	.	.	.	.	.	.	.	.	.	.	.	.	.	.	.	.	.	.	.	.	.	.	.	.	.	.	.	.	.	.	.	1.0	51	6	31817421	.	T	C	1.0	.	SRR12424243.DP4=14,37,0,0;SRR12424244.DP4=23,19,0,0;SRR12424245.DP4=5,28,0,0;SRR12424255.DP4=2345,3297,1,11;SRR12424256.DP4=2540,3481,0,5;SRR1242425.DP4=2220,3156,0,8;
6	31817544	31817544	G	A	exonic	HSPA1A	.	synonymous SNV	HSPA1A:NM_005345:exon1:c.G1788A:p.R596R	6p21.33	Score=0.980114;Name=chr6:31827421	.	.	.	8.639e-06	0	8.746e-05	0	0	0	0	0	rs762950219	.	.	.	.	.	.	.	.	.	.	.	.	.	.	.	.	.	.	.	.	.	.	.	.	.	.	.	.	.	.	.	.	.	.	.	.	.	.	.	.	.	1.0	51	6	31817544	.	G	A	1.0	.	SRR12424243.DP4=20,31,0,0;SRR12424244.DP4=16,27,0,0;SRR12424245.DP4=7,28,0,0;SRR12424255.DP4=1356,3313,0,10;SRR12424256.DP4=1421,4148,1,5;SRR1242425.DP4=1346,2793,0,6;
6	31817552	31817552	T	C	exonic	HSPA1A	.	nonsynonymous SNV	HSPA1A:NM_005345:exon1:c.T1796C:p.L599P	6p21.33	Score=0.980114;Name=chr6:31827421	.	.	.	.	.	.	.	.	.	.	.	.	0.0	D	1.0	D	1.0	D	0.010	N	1	D	5.015	H	1.28	T	-4.59	D	0.95	5.382	25.9	0.998	0.939	D	-0.005	T	0.354	T	0.660	0	3.66	0.991	0.989	0.905	1.000	10.590	.	.	.	.	.	.	.	1.0	44	6	31817552	.	T	C	1.0	.	SRR12424243.DP4=19,25,0,0;SRR12424244.DP4=15,25,0,0;SRR12424245.DP4=11,23,0,0;SRR12424255.DP4=1655,2793,0,18;SRR12424256.DP4=1710,3641,0,26;SRR1242425.DP4=1698,2636,0,26;
6	31817552	31817552	T	G	exonic	HSPA1A	.	nonsynonymous SNV	HSPA1A:NM_005345:exon1:c.T1796G:p.L599R	6p21.33	Score=0.980114;Name=chr6:31827421	.	.	.	.	.	.	.	.	.	.	.	.	0.0	D	1.0	D	1.0	D	0.010	N	1	D	3.865	H	1.28	T	-4.05	D	0.922	5.647	26.6	0.997	0.946	D	-0.358	T	0.254	T	0.660	0	3.66	0.991	0.989	0.905	1.000	10.590	.	.	.	.	.	.	.	1.0	44	6	31817552	.	T	G	1.0	.	SRR12424243.DP4=19,25,0,0;SRR12424244.DP4=15,25,0,0;SRR12424245.DP4=11,23,0,0;SRR12424255.DP4=1655,2793,0,10;SRR12424256.DP4=1710,3641,0,9;SRR1242425.DP4=1698,2636,0,6;
6	31817890	31817890	T	C	UTR3	HSPA1A	NM_005345:c.*208T>C	.	.	6p21.33	.	.	.	.	.	.	.	.	.	.	.	.	.	.	.	.	.	.	.	.	.	.	.	.	.	.	.	.	.	.	.	.	.	.	.	.	.	.	.	.	.	.	.	.	.	.	.	.	.	.	.	.	.	.	1.0	7	6	31817890	.	T	C	1.0	.	SRR12424243.DP4=0,7,0,0;SRR12424244.DP4=0,8,0,0;SRR12424245.DP4=0,5,0,0;SRR12424255.DP4=0,704,0,15;SRR12424256.DP4=0,688,0,9;SRR1242425.DP4=0,647,0,11;
6	31827919	31827919	T	C	UTR5	HSPA1B	NM_005346:c.-32T>C	.	.	6p21.33	Score=0.980114;Name=chr6:31815225	.	.	.	.	.	.	.	.	.	.	.	.	.	.	.	.	.	.	.	.	.	.	.	.	.	.	.	.	.	.	.	.	.	.	.	.	.	.	.	.	.	.	.	.	.	.	.	.	.	.	.	.	.	1.0	28	6	31827919	.	T	C	1.0	.	SRR12424243.DP4=12,16,0,0;SRR12424244.DP4=9,7,0,0;SRR12424245.DP4=7,11,0,0;SRR12424255.DP4=1266,1758,0,7;SRR12424256.DP4=1343,1902,0,10;SRR1242425.DP4=1118,1662,0,11;
6	31828354	31828354	T	C	exonic	HSPA1B	.	nonsynonymous SNV	HSPA1B:NM_005346:exon1:c.T404C:p.L135P	6p21.33	Score=0.980114;Name=chr6:31815225	.	.	.	.	.	.	.	.	.	.	.	.	0.0	D	.	.	.	.	0.017	U	1	D	.	.	4.84	T	-5.77	D	0.886	4.925	25.0	0.998	0.966	D	-0.953	T	0.009	T	0.706	0	4.27	0.991	0.912	0.998	0.999	11.675	.	.	.	.	.	.	.	1.0	26	6	31828354	.	T	C	1.0	.	SRR12424243.DP4=15,11,0,0;SRR12424244.DP4=13,9,0,0;SRR12424245.DP4=9,8,0,0;SRR12424255.DP4=1296,1347,0,11;SRR12424256.DP4=1469,1402,0,2;SRR1242425.DP4=1209,1034,0,8;
6	31828443	31828443	G	A	exonic	HSPA1B	.	nonsynonymous SNV	HSPA1B:NM_005346:exon1:c.G493A:p.A165T	6p21.33	Score=0.980114;Name=chr6:31815225	.	.	.	.	.	.	.	.	.	.	.	.	0.083	T	.	.	.	.	0.007	U	1	D	.	.	4.51	T	-2.72	D	0.774	5.779	27.1	0.997	0.905	D	-0.948	T	0.011	T	0.706	0	4.31	0.917	0.900	0.990	0.998	14.617	.	.	.	.	.	.	.	1.0	30	6	31828443	.	G	A	1.0	.	SRR12424243.DP4=17,13,0,0;SRR12424244.DP4=5,14,0,0;SRR12424245.DP4=7,18,0,0;SRR12424255.DP4=1150,1979,1,17;SRR12424256.DP4=1033,2061,0,7;SRR1242425.DP4=1117,1688,1,10;
6	31828554	31828554	G	A	exonic	HSPA1B	.	nonsynonymous SNV	HSPA1B:NM_005346:exon1:c.G604A:p.G202R	6p21.33	Score=0.980114;Name=chr6:31815225	.	.	.	.	.	.	.	.	.	.	.	.	0.0	D	.	.	.	.	0.005	U	1	D	.	.	2.25	T	-6.82	D	0.921	5.420	26.0	0.995	0.985	D	-1.146	T	0.046	T	0.706	0	3.43	0.917	0.900	0.994	0.999	10.215	.	.	.	.	.	.	.	1.0	22	6	31828554	.	G	A	1.0	.	SRR12424243.DP4=7,15,0,0;SRR12424244.DP4=10,12,0,0;SRR12424245.DP4=8,12,0,0;SRR12424255.DP4=912,1394,0,9;SRR12424256.DP4=988,1224,0,11;SRR1242425.DP4=825,1319,0,10;
6	31828590	31828590	G	A	exonic	HSPA1B	.	nonsynonymous SNV	HSPA1B:NM_005346:exon1:c.G640A:p.D214N	6p21.33	Score=0.980114;Name=chr6:31815225	.	.	.	.	.	.	.	.	.	.	.	.	0.009	D	.	.	.	.	0.003	U	1	D	.	.	2.94	T	-2.77	D	0.105	5.669	26.7	0.998	0.984	D	-1.170	T	0.042	T	0.706	0	4.31	0.917	0.900	0.999	1.000	14.617	.	.	.	.	.	.	.	1.0	29	6	31828590	.	G	A	1.0	.	SRR12424243.DP4=17,12,0,0;SRR12424244.DP4=14,14,0,0;SRR12424245.DP4=15,9,0,0;SRR12424255.DP4=1480,1238,0,10;SRR12424256.DP4=1631,1120,0,14;SRR1242425.DP4=1621,1142,2,5;
6	31828721	31828721	G	A	exonic	HSPA1B	.	synonymous SNV	HSPA1B:NM_005346:exon1:c.G771A:p.K257K	6p21.33	Score=0.980114;Name=chr6:31815225	.	.	.	.	.	.	.	.	.	.	.	.	.	.	.	.	.	.	.	.	.	.	.	.	.	.	.	.	.	.	.	.	.	.	.	.	.	.	.	.	.	.	.	.	.	.	.	.	.	.	.	.	.	1.0	18	6	31828721	.	G	A	1.0	.	SRR12424243.DP4=5,13,0,0;SRR12424244.DP4=9,9,0,0;SRR12424245.DP4=11,11,0,0;SRR12424255.DP4=742,1075,0,1;SRR12424256.DP4=790,1364,0,12;SRR1242425.DP4=795,1104,0,3;
6	31829079	31829079	G	A	exonic	HSPA1B	.	nonsynonymous SNV	HSPA1B:NM_005346:exon1:c.G1129A:p.A377T	6p21.33	Score=0.980114;Name=chr6:31815225	.	.	.	.	.	.	.	.	.	.	.	.	0.0	D	.	.	.	.	0.002	N	1	D	.	.	1.98	T	-3.33	D	0.788	5.646	26.6	0.999	0.990	D	-1.067	T	0.077	T	0.706	0	4.24	0.917	0.900	1.000	0.997	14.470	.	.	.	.	.	.	.	1.0	26	6	31829079	.	G	A	1.0	.	SRR12424243.DP4=14,12,0,0;SRR12424244.DP4=12,12,0,0;SRR12424245.DP4=10,14,0,0;SRR12424255.DP4=1412,1382,0,8;SRR12424256.DP4=1496,1382,1,11;SRR1242425.DP4=1303,1382,0,8;
6	31829092	31829092	T	C	exonic	HSPA1B	.	nonsynonymous SNV	HSPA1B:NM_005346:exon1:c.T1142C:p.M381T	6p21.33	Score=0.980114;Name=chr6:31815225	.	.	.	.	.	.	.	.	.	.	.	.	1.0	T	.	.	.	.	0.000	D	0.996	D	.	.	5.57	T	1.62	N	0.202	0.487	7.328	0.799	0.530	D	-0.966	T	0.001	T	0.706	0	4.24	0.991	0.912	1.000	1.000	11.573	.	.	.	.	.	.	.	1.0	23	6	31829092	.	T	C	1.0	.	SRR12424243.DP4=12,11,0,0;SRR12424244.DP4=11,8,0,0;SRR12424245.DP4=14,13,0,0;SRR12424255.DP4=1819,1175,0,28;SRR12424256.DP4=1724,1132,0,7;SRR1242425.DP4=1591,1206,0,17;
6	31829244	31829244	T	C	exonic	HSPA1B	.	nonsynonymous SNV	HSPA1B:NM_005346:exon1:c.T1294C:p.S432P	6p21.33	Score=0.980114;Name=chr6:31815225	.	.	.	.	.	.	.	.	.	.	.	.	0.001	D	.	.	.	.	0.002	N	1.000	D	.	.	5.36	T	-3.22	D	0.637	4.048	23.7	0.997	0.808	D	-0.780	T	0.004	T	0.706	0	3.01	0.991	0.912	0.998	0.998	8.993	.	.	.	.	.	.	.	1.0	43	6	31829244	.	T	C	1.0	.	SRR12424243.DP4=15,28,0,0;SRR12424244.DP4=16,19,0,0;SRR12424245.DP4=9,28,0,0;SRR12424255.DP4=1570,2770,0,9;SRR12424256.DP4=1790,2668,2,15;SRR1242425.DP4=1793,2749,0,4;
6	31829317	31829317	T	C	exonic	HSPA1B	.	nonsynonymous SNV	HSPA1B:NM_005346:exon1:c.T1367C:p.L456S	6p21.33	Score=0.980114;Name=chr6:31815225	.	.	.	.	.	.	.	.	.	.	.	.	0.0	D	.	.	.	.	0.005	N	1	D	.	.	2.66	T	-4.96	D	0.898	4.844	24.8	0.998	0.986	D	-1.165	T	0.044	T	0.706	0	4.43	0.991	0.912	0.986	0.909	11.934	.	.	.	.	.	.	.	1.0	32	6	31829317	.	T	C	1.0	.	SRR12424243.DP4=15,17,0,0;SRR12424244.DP4=19,23,0,0;SRR12424245.DP4=15,16,0,0;SRR12424255.DP4=2105,1707,1,14;SRR12424256.DP4=2166,1920,1,26;SRR1242425.DP4=1944,1557,0,14;
6	31829371	31829371	T	C	exonic	HSPA1B	.	nonsynonymous SNV	HSPA1B:NM_005346:exon1:c.T1421C:p.I474T	6p21.33	Score=0.980114;Name=chr6:31815225	.	.	.	.	.	.	.	.	.	.	.	.	0.0	D	.	.	.	.	0.001	D	1	D	.	.	4.76	T	-3.99	D	0.895	4.643	24.5	0.997	0.980	D	-0.955	T	0.009	T	0.706	0	4.29	0.991	0.912	1.000	1.000	11.678	.	.	.	.	.	.	.	1.0	28	6	31829371	.	T	C	1.0	.	SRR12424243.DP4=19,9,0,0;SRR12424244.DP4=21,15,0,0;SRR12424245.DP4=21,11,0,0;SRR12424255.DP4=2194,1393,0,11;SRR12424256.DP4=2374,1285,0,11;SRR1242425.DP4=2192,1404,0,16;
6	31829472	31829472	G	A	exonic	HSPA1B	.	nonsynonymous SNV	HSPA1B:NM_005346:exon1:c.G1522A:p.G508S	6p21.33	Score=0.980114;Name=chr6:31815225	.	.	.	.	.	.	.	.	.	.	.	.	0.0	D	.	.	.	.	0.001	D	1	D	.	.	3.48	T	-4.53	D	0.681	5.805	27.1	0.998	0.996	D	-1.167	T	0.028	T	0.706	0	4.29	0.917	0.902	1.000	1.000	14.597	.	.	.	.	.	.	.	1.0	38	6	31829472	.	G	A	1.0	.	SRR12424243.DP4=20,18,0,0;SRR12424244.DP4=23,23,0,0;SRR12424245.DP4=18,15,0,0;SRR12424255.DP4=2063,2439,0,6;SRR12424256.DP4=2224,2655,0,4;SRR1242425.DP4=2125,2391,0,10;
6	31829494	31829494	T	C	exonic	HSPA1B	.	nonsynonymous SNV	HSPA1B:NM_005346:exon1:c.T1544C:p.I515T	6p21.33	Score=0.980114;Name=chr6:31815225	.	.	.	.	.	.	.	.	.	.	.	.	0.0	D	.	.	.	.	0.036	N	1.000	D	.	.	5.11	T	-3.76	D	0.612	4.625	24.5	0.997	0.972	D	-0.886	T	0.007	T	0.706	0	4.29	0.991	0.913	0.997	1.000	11.678	.	.	.	.	.	.	.	1.0	42	6	31829494	.	T	C	1.0	.	SRR12424243.DP4=22,20,0,0;SRR12424244.DP4=17,26,0,0;SRR12424245.DP4=20,17,0,0;SRR12424255.DP4=2070,2631,0,10;SRR12424256.DP4=2176,3000,0,11;SRR1242425.DP4=2106,2502,0,8;
6	31829509	31829509	A	G	exonic	HSPA1B	.	nonsynonymous SNV	HSPA1B:NM_005346:exon1:c.A1559G:p.Q520R	6p21.33	Score=0.980114;Name=chr6:31815225	.	.	.	.	.	.	.	.	.	.	.	.	0.061	T	.	.	.	.	0.003	N	1.000	D	.	.	5.49	T	-0.93	N	0.253	1.440	13.00	0.972	0.897	D	-0.641	T	0.003	T	0.706	0	3.12	1.062	1.028	0.999	1.000	7.445	.	.	.	.	.	.	.	1.0	46	6	31829509	.	A	G	1.0	.	SRR12424243.DP4=20,26,0,0;SRR12424244.DP4=16,27,0,0;SRR12424245.DP4=14,30,0,0;SRR12424255.DP4=2049,3272,0,5;SRR12424256.DP4=2059,3300,1,13;SRR1242425.DP4=1945,3213,0,4;
6	31829514	31829514	G	A	exonic	HSPA1B	.	nonsynonymous SNV	HSPA1B:NM_005346:exon1:c.G1564A:p.A522T	6p21.33	Score=0.980114;Name=chr6:31815225	.	.	.	.	.	.	.	.	.	.	.	.	0.0	D	.	.	.	.	0.002	N	1	D	.	.	3.48	T	-3.0	D	0.574	5.872	27.4	0.999	0.986	D	-1.167	T	0.028	T	0.706	0	4.29	0.917	0.902	0.986	0.994	14.597	.	.	.	.	.	.	.	1.0	45	6	31829514	.	G	A	1.0	.	SRR12424243.DP4=20,25,0,0;SRR12424244.DP4=16,26,0,0;SRR12424245.DP4=11,30,0,0;SRR12424255.DP4=2108,3010,2,13;SRR12424256.DP4=2291,3272,1,6;SRR1242425.DP4=1873,2952,0,5;
6	31829530	31829530	C	T	exonic	HSPA1B	.	nonsynonymous SNV	HSPA1B:NM_005346:exon1:c.C1580T:p.A527V	6p21.33	Score=0.980114;Name=chr6:31815225	.	.	.	.	.	.	.	.	.	.	.	.	0.026	D	.	.	.	.	0.002	N	1.000	D	.	.	3.57	T	-2.0	N	0.37	3.664	23.2	0.996	0.924	D	-1.135	T	0.022	T	0.706	0	4.2	0.871	0.807	0.985	0.972	14.377	.	.	.	.	.	.	.	1.0	46	6	31829530	.	C	T	1.0	.	SRR12424243.DP4=22,24,0,0;SRR12424244.DP4=22,20,0,0;SRR12424245.DP4=17,31,0,0;SRR12424255.DP4=2602,2628,1,7;SRR12424256.DP4=2829,2810,0,8;SRR1242425.DP4=2474,2586,2,8;
6	31829531	31829531	G	A	exonic	HSPA1B	.	synonymous SNV	HSPA1B:NM_005346:exon1:c.G1581A:p.A527A	6p21.33	Score=0.980114;Name=chr6:31815225	.	.	.	0	0	0	0	0	0	0	0	rs747582192	.	.	.	.	.	.	.	.	.	.	.	.	.	.	.	.	.	.	.	.	.	.	.	.	.	.	.	.	.	.	.	.	.	.	.	.	.	.	.	.	.	1.0	48	6	31829531	.	G	A	1.0	.	SRR12424243.DP4=24,24,0,0;SRR12424244.DP4=22,20,0,0;SRR12424245.DP4=18,31,0,0;SRR12424255.DP4=2614,2612,0,13;SRR12424256.DP4=2834,2790,1,5;SRR1242425.DP4=2485,2563,2,10;
6	31829542	31829542	T	C	exonic	HSPA1B	.	nonsynonymous SNV	HSPA1B:NM_005346:exon1:c.T1592C:p.V531A	6p21.33	Score=0.980114;Name=chr6:31815225	.	.	.	.	.	.	.	.	.	.	.	.	0.901	T	.	.	.	.	0.610	N	0.997	N	.	.	5.61	T	1.14	N	0.094	0.041	2.995	0.791	0.084	N	-1.021	T	0.000	T	0.706	0	1.43	0.079	1.011	0.995	1.000	2.250	.	.	.	.	.	.	.	1.0	43	6	31829542	.	T	C	1.0	.	SRR12424243.DP4=24,19,0,0;SRR12424244.DP4=23,10,0,0;SRR12424245.DP4=22,25,0,0;SRR12424255.DP4=2979,1946,1,10;SRR12424256.DP4=2988,1992,1,10;SRR1242425.DP4=2667,1924,0,4;
6	31829608	31829608	T	C	exonic	HSPA1B	.	nonsynonymous SNV	HSPA1B:NM_005346:exon1:c.T1658C:p.V553A	6p21.33	Score=0.980114;Name=chr6:31815225	.	.	.	.	.	.	.	.	.	.	.	.	0.025	D	.	.	.	.	0.075	N	1.000	D	.	.	5.33	T	-1.97	N	0.275	1.760	14.75	0.986	0.952	D	-0.735	T	0.005	T	0.706	0	4.1	0.991	1.011	0.999	0.999	11.346	.	.	.	.	.	.	.	1.0	37	6	31829608	.	T	C	1.0	.	SRR12424243.DP4=18,19,0,0;SRR12424244.DP4=15,22,0,0;SRR12424245.DP4=20,17,0,0;SRR12424255.DP4=2574,2958,1,15;SRR12424256.DP4=2692,3280,1,22;SRR1242425.DP4=2320,2719,0,10;
6	31829746	31829746	T	C	exonic	HSPA1B	.	nonsynonymous SNV	HSPA1B:NM_005346:exon1:c.T1796C:p.L599P	6p21.33	Score=0.980114;Name=chr6:31815225	.	.	.	.	.	.	.	.	.	.	.	.	0.0	D	.	.	.	.	0.010	N	1	D	.	.	1.28	T	-4.59	D	0.946	5.317	25.8	0.998	0.971	D	-0.955	T	0.108	T	0.733	0	4.24	0.991	1.011	1.000	1.000	11.577	.	.	.	.	.	.	.	1.0	44	6	31829746	.	T	C	1.0	.	SRR12424243.DP4=14,30,0,0;SRR12424244.DP4=20,19,0,0;SRR12424245.DP4=18,28,0,0;SRR12424255.DP4=1446,3614,0,32;SRR12424256.DP4=1703,2961,0,25;SRR1242425.DP4=1477,2914,0,30;
6	31829874	31829874	T	C	exonic	HSPA1B	.	stoploss	HSPA1B:NM_005346:exon1:c.T1924C:p.X642Q	6p21.33	Score=0.980114;Name=chr6:31815225	.	.	.	.	.	.	.	.	.	.	.	.	.	.	.	.	.	.	.	.	1	N	.	.	.	.	.	.	.	1.846	15.26	0.786	0.940	D	.	.	.	.	0.288	1	4.31	0.991	1.011	0.899	0.951	11.701	.	.	.	.	.	.	.	1.0	32	6	31829874	.	T	C	1.0	.	SRR12424243.DP4=12,20,0,0;SRR12424244.DP4=6,18,0,0;SRR12424245.DP4=13,11,0,0;SRR12424255.DP4=1376,2025,0,6;SRR12424256.DP4=1459,2223,1,7;SRR1242425.DP4=1425,2115,2,8;
6	31829918	31829918	T	C	UTR3	HSPA1B	NM_005346:c.*42T>C	.	.	6p21.33	.	.	.	.	.	.	.	.	.	.	.	.	.	.	.	.	.	.	.	.	.	.	.	.	.	.	.	.	.	.	.	.	.	.	.	.	.	.	.	.	.	.	.	.	.	.	.	.	.	.	.	.	.	.	1.0	25	6	31829918	.	T	C	1.0	.	SRR12424243.DP4=13,12,0,0;SRR12424244.DP4=13,16,0,0;SRR12424245.DP4=19,8,0,0;SRR12424255.DP4=1315,2135,0,25;SRR12424256.DP4=1338,2138,0,18;SRR1242425.DP4=1443,1933,0,19;
6	32978142	32978142	A	C	exonic	BRD2	.	nonsynonymous SNV	BRD2:NM_001199455:exon9:c.A1595C:p.E532A,BRD2:NM_001199456:exon9:c.A1454C:p.E485A,BRD2:NM_001113182:exon10:c.A1595C:p.E532A,BRD2:NM_005104:exon10:c.A1595C:p.E532A,BRD2:NM_001291986:exon11:c.A1235C:p.E412A	6p21.32	.	.	.	.	.	.	.	.	.	.	.	.	.	0.002	D	0.296	B	0.04	B	0.000	D	1	D	2.435	M	2.58	T	-4.8	D	0.86	5.907	27.5	0.996	0.989	D	-0.470	T	0.299	T	0.672	0	5.37	1.062	1.187	1.000	0.999	13.370	.	.	.	.	.	.	.	1.0	56	6	32978142	.	A	C	1.0	.	SRR12424243.DP4=33,23,0,0;SRR12424244.DP4=26,28,0,0;SRR12424245.DP4=28,26,0,0;SRR12424255.DP4=212,230,0,0;SRR12424256.DP4=225,216,0,0;SRR1242425.DP4=241,205,0,45;
6	75085821	75085821	A	C	UTR3	COL12A1	NM_004370:c.*726T>G;NM_080645:c.*726T>G	.	.	6q13	.	.	.	.	.	.	.	.	.	.	.	.	.	.	.	.	.	.	.	.	.	.	.	.	.	.	.	.	.	.	.	.	.	.	.	.	.	.	.	.	.	.	.	.	.	.	.	.	.	.	.	.	.	.	1.0	212	6	75085821	.	A	C	1.0	.	SRR12424243.DP4=121,91,0,0;SRR12424244.DP4=143,84,0,0;SRR12424245.DP4=130,95,0,0;SRR12424255.DP4=56,25,0,0;SRR12424256.DP4=56,24,0,11;SRR1242425.DP4=69,25,0,8;
